manual_geocode_id,CONTROL,TESTERID,HSITEAD,HSITETYP,HUNITNO,HCITY,HSTATE,HZIP,lat,long,blockgroup_geoid,block_geoid,distance_km,flag_class,manual_lat,manual_long,manual_source,manual_notes,review_complete,drop_row
AQ-SH-3709-1 | AQ111 | 6819 Vista Antigua | Rio Rancho | -1 | ,AQ-SH-3709-1,AQ111,6819 Vista Antigua,,,Rio Rancho,-1,,20.9292,-100.7514,,,1535.808239,Obvious bad match (>100 km or outside CONUS),35.1633085,-106.732889,,,,
BN-SA-3001-1 | BN102 | 7 Grace Street |  | MA | ,BN-SA-3001-1,BN102,7 Grace Street,,,,MA,,49.74397621,19.60721889,,,6769.80164,Obvious bad match (>100 km or outside CONUS),42.28688058,-71.07052973,,,,
BN-SH-5812-1 | BN180 | 57 Mountain | Medford | MA | 02155,BN-SH-5812-1,BN180,57 Mountain,,,Medford,MA,2155,39.8609948,-74.7853973,3.40057E+11,3.40057E+14,365.557125,Obvious bad match (>100 km or outside CONUS),42.48738336,-71.18246441,,,,
BN-SH-5819-1 | BN179 | 27 Sullivan St. | Cambridge | MA | 02138,BN-SH-5819-1,BN179,27 Sullivan St.,,1,Cambridge,MA,2138,43.001747,-89.0262249,5.5025E+11,5.5025E+14,1431.511929,Obvious bad match (>100 km or outside CONUS),42.37591016,-71.15359631,,,,
BT-SH-3706-1 | BT104 | 915 Marine Drive | Ann | MD | 21049,BT-SH-3706-1,BT104,915 Marine Drive,,,Ann,MD,21049,45.7135729,8.9046424,,,6722.827002,Obvious bad match (>100 km or outside CONUS),39.04354683,-76.45459433,,,,
DC-SB-4504-1 | DC130 | 101 Monroe Street | Washington | DC | ,DC-SB-4504-1,DC130,101 Monroe Street,,,Washington,DC,,40.70727463,-89.40716681,1.7179E+11,1.7179E+14,957.7001702,Obvious bad match (>100 km or outside CONUS),38.9330615,-77.02777027,,,,
DC-SH-1501-1 | DC014 |  |  | VA | ,DC-SH-1501-1,DC014,,,,,VA,,21.50951,-104.89569,,,3163.24555,Obvious bad match (>100 km or outside CONUS),,,,,,y
FW-SH-3701-1 | FW118 | 3509 Caspian Cove | FW | TX | 16244,FW-SH-3701-1,FW118,3509 Caspian Cove,,,FW,TX,16244,40.795349,-79.281576,4.2006E+11,4.2006E+14,1790.15089,Obvious bad match (>100 km or outside CONUS),32.95696724,-97.28402485,,,,
RM-SB-2305-1 | RM014 | 140 Iron |  | -1 | ,RM-SB-2305-1,RM014,140 Iron,,,,-1,,49.95444,3.66,,,6374.378116,Obvious bad match (>100 km or outside CONUS),,,,,,y
SA-SH-1105-1 | SA039 | 200 Patterson | San Antonio | TX | 78209,SA-SH-1105-1,SA039,200 Patterson,,308,San Antonio,TX,78209,32.63207215,-98.22322888,4.8363E+11,4.8363E+14,279.5903804,Obvious bad match (>100 km or outside CONUS),29.47034607,-98.46848879,,,,
ST-SB-2721-1 | ST104 | 43 |  | -1 | ,ST-SB-2721-1,ST104,43,,,,-1,,-32.63944482,-55.80398588,,,10421.64039,Obvious bad match (>100 km or outside CONUS),,,,,,y
TP-SA-1904-1 | TP068 | 11292 Fool Duck Ave | Weeki Wachi | FL | 34616,TP-SA-1904-1,TP068,11292 Fool Duck Ave,,,Weeki Wachi,FL,34616,24.5366919,55.5726248,,,12647.2346,Obvious bad match (>100 km or outside CONUS),28.55092103,-82.53575074,,,,
AQ-SA-2904-1 | AQ037 | Model home on Vista Del Colinas | Rio Rancho | NM | 87124,AQ-SA-2904-1,AQ037,Model home on Vista Del Colinas,,,Rio Rancho,NM,87124,35.247884,-106.686006,3.5043E+11,3.5043E+14,,Broad bad-address review candidate,35.22979291,-106.681705,,broad_bad_address_rule: word-only street field,,
AQ-SA-4578-1 | AQ112 | did not get it | Corrales | NM | 87048,AQ-SA-4578-1,AQ112,did not get it,,,Corrales,NM,87048,35.232305,-106.621536,3.5043E+11,3.5043E+14,,Broad bad-address review candidate,,,,broad_bad_address_rule: word-only street field,,y
AQ-SB-0901-1 | AQ073 | Chelwood and Menaul | Albuquerque | NM | ,AQ-SB-0901-1,AQ073,Chelwood and Menaul,,,Albuquerque,NM,,35.10887734,-106.506512,3.5001E+11,3.5001E+14,,Broad bad-address review candidate,,,,broad_bad_address_rule: word-only street field,,
AQ-SB-1504-1 | AQ067 | Yorba Linda Ave. NE | Albuquerque | NM | 87123,AQ-SB-1504-1,AQ067,Yorba Linda Ave. NE,,,Albuquerque,NM,87123,35.0610579,-106.5072158,3.5001E+11,3.5001E+14,,Broad bad-address review candidate,,,,broad_bad_address_rule: word-only street field,,
AQ-SB-4408-1 | AQ091 | Covington/Model Home | Albuquerque | NM | 87121,AQ-SB-4408-1,AQ091,Covington/Model Home,,,Albuquerque,NM,87121,35.0527815,-106.7334103,3.5001E+11,3.5001E+14,,Broad bad-address review candidate,,,,broad_bad_address_rule: word-only street field,,y
AQ-SB-4408-1 | AQ091 | Sananah/Model Home | Albuquerque | NM | 87121,AQ-SB-4408-1,AQ091,Sananah/Model Home,,,Albuquerque,NM,87121,35.0527815,-106.7334103,3.5001E+11,3.5001E+14,,Broad bad-address review candidate,,,,broad_bad_address_rule: word-only street field,,y
AT-SB-1201-1 | AT070 | MODEL HOME | MCDONOUGH | GA | 30253,AT-SB-1201-1,AT070,MODEL HOME,,,MCDONOUGH,GA,30253,33.4450371,-84.1726044,1.31511E+11,1.31511E+14,,Broad bad-address review candidate,,,,broad_bad_address_rule: placeholder street address,,y
AT-SB-3117-1 | AT047 | Mapleton Downs NW | kennesaw | GA | 30144,AT-SB-3117-1,AT047,Mapleton Downs NW,,3982,kennesaw,GA,30144,34.0494042,-84.6384589,1.3067E+11,1.3067E+14,,Broad bad-address review candidate,,,,broad_bad_address_rule: word-only street field,,
AT-SB-3714-1 | AT070 | Blue Water Drive | Buford | GA | ,AT-SB-3714-1,AT070,Blue Water Drive,,plat 26,Buford,GA,,34.14479964,-84.06192438,1.31351E+11,1.31351E+14,,Broad bad-address review candidate,,,,broad_bad_address_rule: word-only street field,,
AT-SB-3714-1 | AT070 | Parkside at Lanier Springs | Buford | GA | ,AT-SB-3714-1,AT070,Parkside at Lanier Springs,,model,Buford,GA,,34.11614702,-84.07897312,1.31351E+11,1.31351E+14,,Broad bad-address review candidate,34.13671675,-84.05003008,,broad_bad_address_rule: word-only street field,,
AT-SB-3714-1 | AT070 | Whisper Cove Drive | Buford | GA | ,AT-SB-3714-1,AT070,Whisper Cove Drive,,plat 49,Buford,GA,,34.1435973,-84.05938034,1.31351E+11,1.31351E+14,,Broad bad-address review candidate,,,,broad_bad_address_rule: word-only street field,,
AT-SB-3902-1 | AT070 | Silvaner Ave. NW | Kennesaw | GA | ,AT-SB-3902-1,AT070,Silvaner Ave. NW,,96,Kennesaw,GA,,34.00114691,-84.59775143,1.3067E+11,1.3067E+14,,Broad bad-address review candidate,,,,broad_bad_address_rule: word-only street field,,
AT-SH-6418-1 | AT046 | Running Fawn Dr. | Suwanee | GA | 30024,AT-SH-6418-1,AT046,Running Fawn Dr.,,,Suwanee,GA,30024,34.09015372,-84.09081513,1.31351E+11,1.31351E+14,,Broad bad-address review candidate,,,,broad_bad_address_rule: word-only street field,,
BN-SA-2702-1 | BN102 | Heath Street | Jamaica Plain | MA | ,BN-SA-2702-1,BN102,Heath Street,,,Jamaica Plain,MA,,42.32625157,-71.10303601,2.50251E+11,2.50251E+14,,Broad bad-address review candidate,,,,broad_bad_address_rule: word-only street field,,
BN-SA-2702-1 | BN102 | Montebello | Jamaica Plain | MA | ,BN-SA-2702-1,BN102,Montebello,,,Jamaica Plain,MA,,42.31215676,-71.10067275,2.50251E+11,2.50251E+14,,Broad bad-address review candidate,,,,broad_bad_address_rule: word-only street field,,
BN-SA-2702-1 | BN102 | unknown | Cambridge | MA | ,BN-SA-2702-1,BN102,unknown,,,Cambridge,MA,,42.365248,-71.105015,2.50174E+11,2.50174E+14,,Broad bad-address review candidate,,,,broad_bad_address_rule: placeholder street address,,y
BN-SA-2702-1 | BN102 | unknown | charlestown | MA | ,BN-SA-2702-1,BN102,unknown,,,charlestown,MA,,42.37787,-71.062,2.5025E+11,2.5025E+14,,Broad bad-address review candidate,,,,broad_bad_address_rule: placeholder street address,,
BN-SA-2702-1 | BN102 | woodlawn Ave | Jamaica Plain | MA | ,BN-SA-2702-1,BN102,woodlawn Ave,,,Jamaica Plain,MA,,42.29861172,-71.11223267,2.50251E+11,2.50251E+14,,Broad bad-address review candidate,,,,broad_bad_address_rule: word-only street field,,
BT-SB-1001-1 | BT050 | Chase St | Fulton | MD | 20759,BT-SB-1001-1,BT050,Chase St,,,Fulton,MD,20759,39.15735027,-76.90496332,2.40276E+11,2.40276E+14,,Broad bad-address review candidate,,,,broad_bad_address_rule: word-only street field,,
CH-SB-5206-1 | CH128 | Tanglewood (drive by only) | Geneva | IL | 60134,CH-SB-5206-1,CH128,Tanglewood (drive by only),,,Geneva,IL,60134,41.83599238,-88.36095422,1.70899E+11,1.70899E+14,,Broad bad-address review candidate,,,,broad_bad_address_rule: word-only street field,,
CL-SH-2805-1 | CL038 | Stearns Rd | North Olmsted | OH | 44070,CL-SH-2805-1,CL038,Stearns Rd,,,North Olmsted,OH,44070,41.4073247,-81.9433602,3.90352E+11,3.90352E+14,,Broad bad-address review candidate,,,,broad_bad_address_rule: word-only street field,,
CO-SB-2201-1 | CO039 | Pinnacle Ridge Dr. | Columbia | SC | 29229,CO-SB-2201-1,CO039,Pinnacle Ridge Dr.,,,Columbia,SC,29229,34.17495326,-80.89945022,4.5079E+11,4.5079E+14,,Broad bad-address review candidate,,,,broad_bad_address_rule: word-only street field,,
CO-SB-2303-1 | CO054 | Lot 8 Rose Oak Drive | Irmo | SC | 29063,CO-SB-2303-1,CO054,Lot 8 Rose Oak Drive,,,Irmo,SC,29063,34.1106461,-81.2171091,4.5079E+11,4.5079E+14,,Broad bad-address review candidate,,,,broad_bad_address_rule: possible reversed street order,,
"DC-SA-4402-1 | DC141 | The Reserve at Black Rock, Rock Road | Darnestown | MD | 20874",DC-SA-4402-1,DC141,"The Reserve at Black Rock, Rock Road",,,Darnestown,MD,20874,39.0995,-77.3051,2.40317E+11,2.40317E+14,,Broad bad-address review candidate,,,,broad_bad_address_rule: word-only street field,,
DC-SA-4402-1 | DC141 | unknown (Rangler house) | Potomac | MD | ,DC-SA-4402-1,DC141,unknown (Rangler house),,,Potomac,MD,,39.026619,-77.203926,2.40317E+11,2.40317E+14,,Broad bad-address review candidate,,,,broad_bad_address_rule: word-only street field,,
DC-SA-5329-1 | DC147 | 12804 | wodbridge | VA | 22192,DC-SA-5329-1,DC147,12804,,,wodbridge,VA,22192,38.6812,-77.3397,5.11539E+11,5.11539E+14,,Broad bad-address review candidate,,,,broad_bad_address_rule: numeric-only street address,,
DC-SH-0801-1 | DC058 | ? | ? | VA | ,DC-SH-0801-1,DC058,?,,,?,VA,,37.5128205,-78.69794871,5.10299E+11,5.10299E+14,93.76046164,Outside assigned market (>5 km),,,,broad_bad_address_rule: question-mark placeholder,,
DC-SH-1801-1 | DC058 | 109 available |  | VA | ,DC-SH-1801-1,DC058,109 available,,,,VA,,37.5128205,-78.69794871,5.10299E+11,5.10299E+14,93.76046164,Outside assigned market (>5 km),,,,broad_bad_address_rule: availability placeholder,,
DC-SH-4202-1 | DC058 | did not provide | Bethesda | MD | ,DC-SH-4202-1,DC058,did not provide,,,Bethesda,MD,,38.984854,-77.092689,2.40317E+11,2.40317E+14,,Broad bad-address review candidate,,,,broad_bad_address_rule: placeholder street address,,
DC-SH-4202-1 | DC058 | did not provide | Washington | DC | ,DC-SH-4202-1,DC058,did not provide,,,Washington,DC,,38.8920621,-77.0199124,1.1001E+11,1.1001E+14,,Broad bad-address review candidate,,,,broad_bad_address_rule: placeholder street address,,
DC-SH-5406-1 | DC049 |  | Reston | VA | 22201,DC-SH-5406-1,DC049,,,,Reston,VA,22201,38.9469603,-77.3303708,5.10595E+11,5.10595E+14,,Broad bad-address review candidate,,,,broad_bad_address_rule: empty street address,,
DT-SB-3801-1 | DT043 | 52839 | Macomb | MI | 48062,DT-SB-3801-1,DT043,52839,,,Macomb,MI,48062,42.8212747,-82.8022957,2.60992E+11,2.60992E+14,,Broad bad-address review candidate,,,,broad_bad_address_rule: numeric-only street address,,
HS-SA-2306-1 | HS080 | 16406 | Cypress | TX | 77429,HS-SA-2306-1,HS080,16406,,,Cypress,TX,77429,30.0056145,-95.6975504,4.82016E+11,4.82016E+14,,Broad bad-address review candidate,,,,broad_bad_address_rule: numeric-only street address,,
HS-SA-2306-1 | HS080 | 16410 | Cypress | TX | 77429,HS-SA-2306-1,HS080,16410,,,Cypress,TX,77429,29.9983629,-95.673152,4.82016E+11,4.82016E+14,,Broad bad-address review candidate,,,,broad_bad_address_rule: numeric-only street address,,
HS-SH-5205-1 | HS076 | 15823 | Houston | TX | 77095,HS-SH-5205-1,HS076,15823,,,Houston,TX,77095,30.2204261,-95.3041146,4.83397E+11,4.83397E+14,,Broad bad-address review candidate,,,,broad_bad_address_rule: numeric-only street address,,
KC-SA-4603-1 | KC159 | RR 1 Box 324 Rural Route Adrian | Adrian | MO | 64720,KC-SA-4603-1,KC159,RR 1 Box 324 Rural Route Adrian,,,Adrian,MO,64720,38.4014222,-94.3578074,2.90131E+11,2.90131E+14,,Broad bad-address review candidate,,,,broad_bad_address_rule: possible reversed street order,,
LA-SB-2909-1 | LA025 | Aldergrove | Sylmar | CA | 91342,LA-SB-2909-1,LA025,Aldergrove,,,Sylmar,CA,91342,34.3265172,-118.4348422,60371060101,6.03711E+13,,Broad bad-address review candidate,,,,broad_bad_address_rule: word-only street field,,
LA-SH-3602-1 | LA070 | Avenue 51(could not get into this one) | Los Angeles | CA | 90042,LA-SH-3602-1,LA070,Avenue 51(could not get into this one),,,Los Angeles,CA,90042,34.112406,-118.193203,60371836102,6.03718E+13,,Broad bad-address review candidate,,,,broad_bad_address_rule: possible reversed street order,,
MS-SB-1811-1 | MS044 | Cross Roads | Bridgewater Twp. | NJ | 08807,MS-SB-1811-1,MS044,Cross Roads,,210,Bridgewater Twp.,NJ,8807,40.59916716,-74.62035337,3.40351E+11,3.40351E+14,,Broad bad-address review candidate,,,,broad_bad_address_rule: word-only street field,,
MS-SB-1811-1 | MS044 | Stratton Meadows | Milltown | NJ | 08807,MS-SB-1811-1,MS044,Stratton Meadows,,,Milltown,NJ,8807,40.594058,-74.668851,3.40351E+11,3.40351E+14,,Broad bad-address review candidate,,,,broad_bad_address_rule: word-only street field,,
NY-SB-0502-1 | NY005 |  | Pomona | NY | 10970,NY-SB-0502-1,NY005,,,,Pomona,NY,10970,41.184475,-74.044415,3.6087E+11,3.6087E+14,,Broad bad-address review candidate,,,,broad_bad_address_rule: empty street address,,
NY-SB-2506-1 | NY043 | 1 |  | -1 | ,NY-SB-2506-1,NY043,1,,,,-1,,,,,,,Broad bad-address review candidate,,,,broad_bad_address_rule: numeric-only street address,,
NY-SB-2601-1 | NY025 | Parks de Flats 362 St. Nicholas Ave | New York | NY | 10027,NY-SB-2601-1,NY025,Parks de Flats 362 St. Nicholas Ave,,5C,New York,NY,10027,40.8126081,-73.9507968,3.6061E+11,3.6061E+14,,Broad bad-address review candidate,,,,broad_bad_address_rule: possible reversed street order,,
NY-SB-2601-1 | NY025 | Parks de Flats 362 St. Nicholas ave | New York | NY | 10027,NY-SB-2601-1,NY025,Parks de Flats 362 St. Nicholas ave,,5C,New York,NY,10027,40.8126081,-73.9507968,3.6061E+11,3.6061E+14,,Broad bad-address review candidate,,,,broad_bad_address_rule: possible reversed street order,,
NY-SB-2804-1 | NY010 | Btwn Washington and Greenwich | New York | NY | ,NY-SB-2804-1,NY010,Btwn Washington and Greenwich,,,New York,NY,,40.71375672,-74.01204769,3.6061E+11,3.6061E+14,,Broad bad-address review candidate,,,,broad_bad_address_rule: word-only street field,,
NY-SH-3502-1 | NY087 | Todt Hill Rd. | Staten Island | NY | ,NY-SH-3502-1,NY087,Todt Hill Rd.,,,Staten Island,NY,,40.6121685,-74.11898008,3.6085E+11,3.6085E+14,,Broad bad-address review candidate,,,,broad_bad_address_rule: word-only street field,,
PD-SB-0602-1 | PD025 | Lot 65 Union Street | West Chester Boro | PA | 19382,PD-SB-0602-1,PD025,Lot 65 Union Street,,,West Chester Boro,PA,19382,39.95798965,-75.60051862,4.20293E+11,4.20293E+14,,Broad bad-address review candidate,,,,broad_bad_address_rule: possible reversed street order,,
RM-SB-2701-1 | RM078 | Oakleys Rd (Florence layout) | Henrico | VA | 23231,RM-SB-2701-1,RM078,Oakleys Rd (Florence layout),,,Henrico,VA,23231,37.4910118,-77.3537547,5.10872E+11,5.10872E+14,,Broad bad-address review candidate,,,,broad_bad_address_rule: word-only street field,,
RM-SB-2701-1 | RM078 | model - office house (Palermo layout) | Henrico | VA | 23231,RM-SB-2701-1,RM078,model - office house (Palermo layout),,,Henrico,VA,23231,37.4910118,-77.3537547,5.10872E+11,5.10872E+14,,Broad bad-address review candidate,,,,broad_bad_address_rule: word-only street field,,
RM-SB-2701-1 | RM078 | model -Cedar Run Rd (the Venice Layout) | Henrico | VA | 23231,RM-SB-2701-1,RM078,model -Cedar Run Rd (the Venice Layout),,,Henrico,VA,23231,37.4910118,-77.3537547,5.10872E+11,5.10872E+14,,Broad bad-address review candidate,,,,broad_bad_address_rule: word-only street field,,
RM-SB-3212-1 | RM032 | Lot 56 Shenandoah Circle | Hopewell | VA | 23860,RM-SB-3212-1,RM032,Lot 56 Shenandoah Circle,,,Hopewell,VA,23860,37.2843503,-77.3280322,5.16708E+11,5.16708E+14,,Broad bad-address review candidate,,,,broad_bad_address_rule: possible reversed street order,,
RS-SA-1006-1 | RS074 | Imperial Court West | Palm Desert | CA | 92211,RS-SA-1006-1,RS074,Imperial Court West,,,Palm Desert,CA,92211,33.77945471,-116.3739579,60650449221,6.06504E+13,,Broad bad-address review candidate,,,,broad_bad_address_rule: word-only street field,,
RS-SH-0301-1 | RS006 | Unknown | Murrieta | CA | 92562,RS-SH-0301-1,RS006,Unknown,,,Murrieta,CA,92562,33.5636407,-117.2189261,60650506004,6.06505E+13,,Broad bad-address review candidate,,,,broad_bad_address_rule: placeholder street address,,
RS-SH-0301-1 | RS006 | unknown |  | CA | 92562,RS-SH-0301-1,RS006,unknown,,,,CA,92562,33.9872586,-118.4737828,60372735022,6.03727E+13,61.57738416,Outside assigned market (>5 km),,,,broad_bad_address_rule: placeholder street address,,
SA-SA-4112-1 | SA121 | 15727 | San Antonio | TX | 78232,SA-SA-4112-1,SA121,15727,,,San Antonio,TX,78232,30.0898528,-98.412883,4.8032E+11,4.8032E+14,10.22833487,Outside assigned market (>5 km),,,,broad_bad_address_rule: numeric-only street address,,
SA-SH-3308-1 | SA036 | 325000 | San Antonio | TX | 78253,SA-SH-3308-1,SA036,325000,,,San Antonio,TX,78253,29.4672898,-98.7562767,4.80292E+11,4.80292E+14,,Broad bad-address review candidate,,,,broad_bad_address_rule: numeric-only street address,,
SA-SH-3404-1 | SA039 |  |  | -1 | 78258,SA-SH-3404-1,SA039,,,,,-1,78258,29.6378465,-98.4886938,4.80292E+11,4.80292E+14,,Broad bad-address review candidate,,,,broad_bad_address_rule: empty street address,,
SA-SH-3815-1 | SA136 | Trinity Glade | San Antonio | TX | 78261,SA-SH-3815-1,SA136,Trinity Glade,,,San Antonio,TX,78261,29.6951707,-98.44370221,4.80291E+11,4.80291E+14,,Broad bad-address review candidate,,,,broad_bad_address_rule: word-only street field,,
SA-SH-4137-1 | SA136 | Meadowood Oak | San Antonio | TX | 78254,SA-SH-4137-1,SA136,Meadowood Oak,,,San Antonio,TX,78254,29.51388351,-98.72342504,4.80292E+11,4.80292E+14,,Broad bad-address review candidate,,,,broad_bad_address_rule: word-only street field,,
SA-SH-4137-1 | SA136 | Tahoka Daisy | San Antonio | TX | 78245,SA-SH-4137-1,SA136,Tahoka Daisy,,,San Antonio,TX,78245,29.4303955,-98.7262518,4.80292E+11,4.80292E+14,,Broad bad-address review candidate,,,,broad_bad_address_rule: word-only street field,,
SD-SA-5003-1 | SD054 | 4520 | san diego | CA | 92107,SD-SA-5003-1,SD054,4520,,,san diego,CA,92107,32.98506,-117.2362917,60730173062,6.07302E+13,,Broad bad-address review candidate,,,,broad_bad_address_rule: numeric-only street address,,
SJ-SA-1409-1 | SJ024 | Creekside Village Drive | los altos | CA | 95032,SJ-SA-1409-1,SJ024,Creekside Village Drive,,300,los altos,CA,95032,37.22840757,-121.9769098,60855071002,6.08551E+13,,Broad bad-address review candidate,,,,broad_bad_address_rule: word-only street field,,
SJ-SA-2309-1 | SJ024 | Cladwell Avenue | Los Altos | CA | 95032,SJ-SA-2309-1,SJ024,Cladwell Avenue,,210,Los Altos,CA,95032,37.22798821,-121.9690877,60855070013,6.08551E+13,,Broad bad-address review candidate,,,,broad_bad_address_rule: word-only street field,,
SJ-SH-3401-1 | SJ041 | Unknown | Milpitas | CA | ,SJ-SH-3401-1,SJ041,Unknown,,,Milpitas,CA,,37.4307627,-121.8975112,60855045044,6.0855E+13,,Broad bad-address review candidate,,,,broad_bad_address_rule: placeholder street address,,
ST-SA-3004-1 | ST009 | 10776 | Redmond | WA | 98052,ST-SA-3004-1,ST009,10776,,LOT 6,Redmond,WA,98052,47.694404,-122.0435996,5.3033E+11,5.3033E+14,,Broad bad-address review candidate,,,,broad_bad_address_rule: numeric-only street address,,
ST-SB-2602-1 | ST104 |  | Renton | WA | 98059,ST-SB-2602-1,ST104,,,,Renton,WA,98059,47.5016084,-122.095934,5.3033E+11,5.3033E+14,,Broad bad-address review candidate,,,,broad_bad_address_rule: empty street address,,
TP-SA-0304-1 | TP009 | Seminole Sky Dr. | Ruskin | FL | 33570,TP-SA-0304-1,TP009,Seminole Sky Dr.,,Lot32,Ruskin,FL,33570,27.7305938,-82.4480844,1.2057E+11,1.2057E+14,,Broad bad-address review candidate,,,,broad_bad_address_rule: word-only street field,,
TP-SA-0304-1 | TP009 | Seminole Sky Drive | Ruskin | FL | 33570,TP-SA-0304-1,TP009,Seminole Sky Drive,,Lot37,Ruskin,FL,33570,27.7305938,-82.4480844,1.2057E+11,1.2057E+14,,Broad bad-address review candidate,,,,broad_bad_address_rule: word-only street field,,
TP-SA-0304-1 | TP009 | Seminole Sky Drive | Ruskin | FL | 33570,TP-SA-0304-1,TP009,Seminole Sky Drive,,Lot45,Ruskin,FL,33570,27.7305938,-82.4480844,1.2057E+11,1.2057E+14,,Broad bad-address review candidate,,,,broad_bad_address_rule: word-only street field,,
"TP-SA-2709-1 | TP048 | Interbay Boulevard, | Tampa | FL | 33616",TP-SA-2709-1,TP048,"Interbay Boulevard,",,,Tampa,FL,33616,27.8659264,-82.5223989,1.2057E+11,1.2057E+14,,Broad bad-address review candidate,,,,broad_bad_address_rule: word-only street field,,
TP-SA-4612-1 | TP009 | The Clearwater Model | Lithia | FL | 33547,TP-SA-4612-1,TP009,The Clearwater Model,,,Lithia,FL,33547,27.83611,-82.145644,1.2057E+11,1.2057E+14,,Broad bad-address review candidate,,,,broad_bad_address_rule: word-only street field,,
TP-SA-4612-1 | TP009 | the Miramar Model | Lithia | -1 | 33547,TP-SA-4612-1,TP009,the Miramar Model,,,Lithia,-1,33547,27.83611,-82.145644,1.2057E+11,1.2057E+14,,Broad bad-address review candidate,,,,broad_bad_address_rule: word-only street field,,
TP-SA-5301-1 | TP009 | Blueberry Ash Circle | Riverview | FL | 33578,TP-SA-5301-1,TP009,Blueberry Ash Circle,,,Riverview,FL,33578,27.8927233,-82.34973301,1.2057E+11,1.2057E+14,,Broad bad-address review candidate,,,,broad_bad_address_rule: word-only street field,,
TP-SA-5307-1 | TP068 | Lot 147 | Trinity | FL | 34655,TP-SA-5307-1,TP068,Lot 147,,,Trinity,FL,34655,28.1854979,-82.6772581,1.2101E+11,1.2101E+14,,Broad bad-address review candidate,,,,broad_bad_address_rule: possible reversed street order,,
TP-SB-0119-1 | TP017 | Belle Timbre Ave | Brandon | FL | ,TP-SB-0119-1,TP017,Belle Timbre Ave,,,Brandon,FL,,27.90160943,-82.27127194,1.2057E+11,1.2057E+14,,Broad bad-address review candidate,,,,broad_bad_address_rule: word-only street field,,
"TP-SB-1103-1 | TP083 | Lot 123/ Castleberry  ""AA "" | Spring Hill | FL | 34610",TP-SB-1103-1,TP083,"Lot 123/ Castleberry  ""AA """,,,Spring Hill,FL,34610,28.3900837,-82.540665,1.2101E+11,1.2101E+14,,Broad bad-address review candidate,,,,broad_bad_address_rule: possible reversed street order,,
TP-SB-1103-1 | TP083 | Model home/ Castleberry model | Spring Hill | FL | 34610,TP-SB-1103-1,TP083,Model home/ Castleberry model,,,Spring Hill,FL,34610,28.3900837,-82.540665,1.2101E+11,1.2101E+14,,Broad bad-address review candidate,,,,broad_bad_address_rule: word-only street field,,
TP-SB-1103-1 | TP083 | Model home/Brookland model | Spring Hill | FL | 34610,TP-SB-1103-1,TP083,Model home/Brookland model,,,Spring Hill,FL,34610,28.3900837,-82.540665,1.2101E+11,1.2101E+14,,Broad bad-address review candidate,,,,broad_bad_address_rule: word-only street field,,
TP-SB-1103-1 | TP083 | Model home/Chelsea model | Spring Hill | FL | 34610,TP-SB-1103-1,TP083,Model home/Chelsea model,,,Spring Hill,FL,34610,28.3900837,-82.540665,1.2101E+11,1.2101E+14,,Broad bad-address review candidate,,,,broad_bad_address_rule: word-only street field,,
TP-SB-3001-1 | TP043 | none | wesley chapel | FL | 33543,TP-SB-3001-1,TP043,none,,,wesley chapel,FL,33543,28.2052336,-82.2947236,1.2101E+11,1.2101E+14,,Broad bad-address review candidate,,,,broad_bad_address_rule: placeholder street address,,
AQ-SA-2904-1 | AQ037 | Model home on Vista Del Colinas | Rio Rancho | NM | 87124,AQ-SA-2904-1,AQ037,Model home on Vista Del Colinas,,,Rio Rancho,NM,87124,35.247884,-106.686006,3.5043E+11,3.5043E+14,,High-confidence multi-address review candidate,,,,high_conf_multi_address_rule: model/layout text mixed into address,,
AQ-SA-3103-1 | AQ022 | 754  New Mexico 333 | Tijeras | NM | 87059,AQ-SA-3103-1,AQ022,754  New Mexico 333,,,Tijeras,NM,87059,35.09986663,-106.3535324,3.5001E+11,3.5001E+14,,High-confidence multi-address review candidate,,,,high_conf_multi_address_rule: two separated house-number tokens,,
AQ-SB-4408-1 | AQ091 | Covington/Model Home | Albuquerque | NM | 87121,AQ-SB-4408-1,AQ091,Covington/Model Home,,,Albuquerque,NM,87121,35.0527815,-106.7334103,3.5001E+11,3.5001E+14,,High-confidence multi-address review candidate,,,,high_conf_multi_address_rule: model/layout text mixed into address,,
AQ-SB-4408-1 | AQ091 | Sananah/Model Home | Albuquerque | NM | 87121,AQ-SB-4408-1,AQ091,Sananah/Model Home,,,Albuquerque,NM,87121,35.0527815,-106.7334103,3.5001E+11,3.5001E+14,,High-confidence multi-address review candidate,,,,high_conf_multi_address_rule: model/layout text mixed into address,,
"AQ-SH-0701-1 | AQ030 | Park Plaza,1331 Park Av SW | Albuquerque | -1 | ",AQ-SH-0701-1,AQ030,"Park Plaza,1331 Park Av SW",,301,Albuquerque,-1,,35.08738086,-106.662827,3.5001E+11,3.5001E+14,,High-confidence multi-address review candidate,,,,high_conf_multi_address_rule: second address-like segment after comma,,
"AQ-SH-0701-1 | AQ030 | Park Plaza,1331 Park Av SW | Albuquerque | NM | 87102",AQ-SH-0701-1,AQ030,"Park Plaza,1331 Park Av SW",,304,Albuquerque,NM,87102,35.08589283,-106.6629479,3.5001E+11,3.5001E+14,,High-confidence multi-address review candidate,,,,high_conf_multi_address_rule: second address-like segment after comma,,
AQ-SH-0704-1 | AQ086 | 2837-1/2 John St. SE | Albuqerque | NM | 87102,AQ-SH-0704-1,AQ086,2837-1/2 John St. SE,,,Albuqerque,NM,87102,35.05212515,-106.6471382,3.5001E+11,3.5001E+14,,High-confidence multi-address review candidate,,,,high_conf_multi_address_rule: slash-separated address content; two separated house-number tokens,,
"AQ-SH-4209-1 | AQ112 | 7727 Modesto, Ave, NE | Albuquerque | NM | 87122",AQ-SH-4209-1,AQ112,"7727 Modesto, Ave, NE",,,Albuquerque,NM,87122,35.18884982,-106.5585112,3.5001E+11,3.5001E+14,,High-confidence multi-address review candidate,,,,high_conf_multi_address_rule: contains city/state/ZIP inside HSITEAD,,
AT-SA-5020-1 | AT105 | 2255 Well Springs Lot 120 Dr | Buford | GA | 30519,AT-SA-5020-1,AT105,2255 Well Springs Lot 120 Dr,,,Buford,GA,30519,34.083356,-83.88665707,1.31351E+11,1.31351E+14,,High-confidence multi-address review candidate,,,,high_conf_multi_address_rule: lot number mixed into address,,
AT-SB-1201-1 | AT070 | MODEL HOME | MCDONOUGH | GA | 30253,AT-SB-1201-1,AT070,MODEL HOME,,,MCDONOUGH,GA,30253,33.4450371,-84.1726044,1.31511E+11,1.31511E+14,,High-confidence multi-address review candidate,,,,high_conf_multi_address_rule: model/layout text mixed into address,,
"AT-SB-3807-1 | AT081 | 65 WHIPPORWILL DR,2461 HIGHLAND GOLF COURSE | OXFORD | GA | 30054",AT-SB-3807-1,AT081,"65 WHIPPORWILL DR,2461 HIGHLAND GOLF COURSE",,,OXFORD,GA,30054,33.67222635,-83.90964329,1.32171E+11,1.32171E+14,,High-confidence multi-address review candidate,,,,high_conf_multi_address_rule: second address-like segment after comma; two separated house-number tokens,,
AT-SB-3911-1 | AT070 | 2739 PITLOCHRY ST  1701 CANTERBURY PTE SE | CONYERS | GA | 30013,AT-SB-3911-1,AT070,2739 PITLOCHRY ST  1701 CANTERBURY PTE SE,,,CONYERS,GA,30013,33.62024251,-83.99852224,1.32471E+11,1.32471E+14,,High-confidence multi-address review candidate,,,,high_conf_multi_address_rule: two separated house-number tokens,,
BN-SH-5814-1 | BN180 | 6 1/2 King | Methuen | MA | 01844,BN-SH-5814-1,BN180,6 1/2 King,,,Methuen,MA,1844,42.72230907,-71.155934,2.50093E+11,2.50093E+14,,High-confidence multi-address review candidate,,,,high_conf_multi_address_rule: slash-separated address content; two separated house-number tokens,,
CH-SB-5206-1 | CH128 | Tanglewood (drive by only) | Geneva | IL | 60134,CH-SB-5206-1,CH128,Tanglewood (drive by only),,,Geneva,IL,60134,41.83599238,-88.36095422,1.70899E+11,1.70899E+14,,High-confidence multi-address review candidate,,,,high_conf_multi_address_rule: model/layout text mixed into address,,
CO-SB-1502-1 | CO052 | 506 Crawfish Lane  #19 | Irmo | SC | 29063,CO-SB-1502-1,CO052,506 Crawfish Lane  #19,,,Irmo,SC,29063,34.16454097,-81.20142324,4.5079E+11,4.5079E+14,,High-confidence multi-address review candidate,,,,high_conf_multi_address_rule: two separated house-number tokens,,
CO-SB-2303-1 | CO054 | Lot 8 Rose Oak Drive | Irmo | SC | 29063,CO-SB-2303-1,CO054,Lot 8 Rose Oak Drive,,,Irmo,SC,29063,34.1106461,-81.2171091,4.5079E+11,4.5079E+14,,High-confidence multi-address review candidate,,,,high_conf_multi_address_rule: lot number mixed into address,,
CO-SB-3006-1 | CO054 | 146 Manning Dr. Lot 13 | West Columbia | SC | 29169,CO-SB-3006-1,CO054,146 Manning Dr. Lot 13,,,West Columbia,SC,29169,33.98293829,-81.09010695,4.5063E+11,4.5063E+14,,High-confidence multi-address review candidate,,,,high_conf_multi_address_rule: lot number mixed into address,,
"CO-SB-3008-1 | CO026 | 212 Bronze Drive, Lot #3 | Lexington | SC | 29063",CO-SB-3008-1,CO026,"212 Bronze Drive, Lot #3",,,Lexington,SC,29063,34.01333387,-81.27845858,4.5063E+11,4.5063E+14,,High-confidence multi-address review candidate,,,,high_conf_multi_address_rule: two separated house-number tokens,,
"CO-SB-3008-1 | CO026 | 217 Bronze Drive, Lot # 62 | Lexington | SC | 29063",CO-SB-3008-1,CO026,"217 Bronze Drive, Lot # 62",,,Lexington,SC,29063,34.01328103,-81.27830627,4.5063E+11,4.5063E+14,,High-confidence multi-address review candidate,,,,high_conf_multi_address_rule: two separated house-number tokens,,
"CO-SB-3008-1 | CO026 | 227 Bronze Drive, Lot #61 | Lexington | SC | 29063",CO-SB-3008-1,CO026,"227 Bronze Drive, Lot #61",,,Lexington,SC,29063,34.01309703,-81.27826538,4.5063E+11,4.5063E+14,,High-confidence multi-address review candidate,,,,high_conf_multi_address_rule: two separated house-number tokens,,
MI-SH-2302-1 | MI049 | 4285 SW  97 CT | MIAMI | FL | 33165,MI-SH-2302-1,MI049,4285 SW  97 CT,,,MIAMI,FL,33165,25.72834444,-80.35225459,1.2086E+11,1.2086E+14,,High-confidence multi-address review candidate,,,,high_conf_multi_address_rule: two separated house-number tokens,,
"MS-SA-2701-1 | MS102 | 5 Busy Bee Lane,Warren,NJ | Warren | NJ | 07059",MS-SA-2701-1,MS102,"5 Busy Bee Lane,Warren,NJ",,5,Warren,NJ,7059,40.60311063,-74.52977547,3.40351E+11,3.40351E+14,,High-confidence multi-address review candidate,,,,high_conf_multi_address_rule: contains city/state/ZIP inside HSITEAD,,
MS-SB-2302-1 | MS008 | 1038 Route 202/206 | Bridgewater Twp | NJ | 08807,MS-SB-2302-1,MS008,1038 Route 202/206,,,Bridgewater Twp,NJ,8807,40.62634515,-74.63150624,3.40351E+11,3.40351E+14,,High-confidence multi-address review candidate,,,,high_conf_multi_address_rule: slash-separated address content; two separated house-number tokens,,
NY-SB-0808-1 | NY008 | 2025 Broadway/Nevada Towers | New York | NY | ,NY-SB-0808-1,NY008,2025 Broadway/Nevada Towers,,#3G,New York,NY,,40.77656321,-73.98219983,3.6061E+11,3.6061E+14,,High-confidence multi-address review candidate,,,,high_conf_multi_address_rule: slash-separated address content,,
OC-SA-2310-1 | OC052 | 223 1/2 34th St. | Newport Beach | CA | 92663,OC-SA-2310-1,OC052,223 1/2 34th St.,,,Newport Beach,CA,92663,33.61601469,-117.9333134,60590635003,6.05906E+13,,High-confidence multi-address review candidate,,,,high_conf_multi_address_rule: slash-separated address content,,
PD-SB-0602-1 | PD025 | Lot 65 Union Street | West Chester Boro | PA | 19382,PD-SB-0602-1,PD025,Lot 65 Union Street,,,West Chester Boro,PA,19382,39.95798965,-75.60051862,4.20293E+11,4.20293E+14,,High-confidence multi-address review candidate,,,,high_conf_multi_address_rule: lot number mixed into address,,
"PD-SH-0902-1 | PD013 | 1974 King Arthur Rd, Philadelphia, PA 19116 | Philadelphia | PA | ",PD-SH-0902-1,PD013,"1974 King Arthur Rd, Philadelphia, PA 19116",,,Philadelphia,PA,,40.09920598,-75.018784,4.2101E+11,4.2101E+14,,High-confidence multi-address review candidate,,,,high_conf_multi_address_rule: contains city/state/ZIP inside HSITEAD; two separated house-number tokens,,
"PD-SH-0902-1 | PD013 | 610 Whitney St, Philadelphia, PA 19116 | Philadelphia | PA | 19116",PD-SH-0902-1,PD013,"610 Whitney St, Philadelphia, PA 19116",,,Philadelphia,PA,19116,40.1303033,-75.00909201,4.2101E+11,4.2101E+14,,High-confidence multi-address review candidate,,,,high_conf_multi_address_rule: contains city/state/ZIP inside HSITEAD; two separated house-number tokens,,
"PD-SH-0902-1 | PD013 | 857 Morefield Rd, Philadelphia, PA 19115 | Philadelphia | -1 | 19115",PD-SH-0902-1,PD013,"857 Morefield Rd, Philadelphia, PA 19115",,,Philadelphia,-1,19115,40.10394885,-75.0433203,4.2101E+11,4.2101E+14,,High-confidence multi-address review candidate,,,,high_conf_multi_address_rule: contains city/state/ZIP inside HSITEAD; two separated house-number tokens,,
RM-SB-2701-1 | RM078 | Oakleys Rd (Florence layout) | Henrico | VA | 23231,RM-SB-2701-1,RM078,Oakleys Rd (Florence layout),,,Henrico,VA,23231,37.4910118,-77.3537547,5.10872E+11,5.10872E+14,,High-confidence multi-address review candidate,,,,high_conf_multi_address_rule: model/layout text mixed into address,,
RM-SB-2701-1 | RM078 | model - office house (Palermo layout) | Henrico | VA | 23231,RM-SB-2701-1,RM078,model - office house (Palermo layout),,,Henrico,VA,23231,37.4910118,-77.3537547,5.10872E+11,5.10872E+14,,High-confidence multi-address review candidate,,,,high_conf_multi_address_rule: model/layout text mixed into address,,
RM-SB-2701-1 | RM078 | model -Cedar Run Rd (the Venice Layout) | Henrico | VA | 23231,RM-SB-2701-1,RM078,model -Cedar Run Rd (the Venice Layout),,,Henrico,VA,23231,37.4910118,-77.3537547,5.10872E+11,5.10872E+14,,High-confidence multi-address review candidate,,,,high_conf_multi_address_rule: model/layout text mixed into address,,
RM-SB-3212-1 | RM032 | 618 (Lot 46) Yellowstone Drive | Hopewell | VA | 23860,RM-SB-3212-1,RM032,618 (Lot 46) Yellowstone Drive,,,Hopewell,VA,23860,37.28545461,-77.32709295,5.16708E+11,5.16708E+14,,High-confidence multi-address review candidate,,,,high_conf_multi_address_rule: lot number mixed into address,,
RM-SB-3212-1 | RM032 | Lot 56 Shenandoah Circle | Hopewell | VA | 23860,RM-SB-3212-1,RM032,Lot 56 Shenandoah Circle,,,Hopewell,VA,23860,37.2843503,-77.3280322,5.16708E+11,5.16708E+14,,High-confidence multi-address review candidate,,,,high_conf_multi_address_rule: lot number mixed into address,,
"RS-SB-0959-1 | RS003 | 14363 Chantry Dr., Moreno Valley, Ca 92553 | Moreno Valley | CA | 92553",RS-SB-0959-1,RS003,"14363 Chantry Dr., Moreno Valley, Ca 92553",,,Moreno Valley,CA,92553,33.91155854,-117.212781,60650425172,6.06504E+13,,High-confidence multi-address review candidate,,,,high_conf_multi_address_rule: contains city/state/ZIP inside HSITEAD; two separated house-number tokens,,
"RS-SB-1207-1 | RS003 | 12965 Susanville Street, Hesperia, Ca 92344-5532 | No | CA | 92344",RS-SB-1207-1,RS003,"12965 Susanville Street, Hesperia, Ca 92344-5532",,,No,CA,92344,34.41026895,-117.3803876,60710100172,6.07101E+13,,High-confidence multi-address review candidate,,,,high_conf_multi_address_rule: contains city/state/ZIP inside HSITEAD; two separated house-number tokens,,
"RS-SB-1207-1 | RS003 | 9090 Seal Beach Drive, Hisperia, Ca 92344-5508 | No | CA | 92344",RS-SB-1207-1,RS003,"9090 Seal Beach Drive, Hisperia, Ca 92344-5508",,,No,CA,92344,34.41582558,-117.3796787,60710100172,6.07101E+13,,High-confidence multi-address review candidate,,,,high_conf_multi_address_rule: contains city/state/ZIP inside HSITEAD; two separated house-number tokens,,
TP-SA-5307-1 | TP068 | Lot 147 | Trinity | FL | 34655,TP-SA-5307-1,TP068,Lot 147,,,Trinity,FL,34655,28.1854979,-82.6772581,1.2101E+11,1.2101E+14,,High-confidence multi-address review candidate,,,,high_conf_multi_address_rule: lot number mixed into address,,
TP-SB-0405-1 | TP083 | 103 West Davis / Davis Island | Tampa | FL | ,TP-SB-0405-1,TP083,103 West Davis / Davis Island,,,Tampa,FL,,27.92946647,-82.4565285,1.2057E+11,1.2057E+14,,High-confidence multi-address review candidate,,,,high_conf_multi_address_rule: slash-separated address content,,
"TP-SB-1103-1 | TP083 | Lot 123/ Castleberry  ""AA "" | Spring Hill | FL | 34610",TP-SB-1103-1,TP083,"Lot 123/ Castleberry  ""AA """,,,Spring Hill,FL,34610,28.3900837,-82.540665,1.2101E+11,1.2101E+14,,High-confidence multi-address review candidate,,,,high_conf_multi_address_rule: lot number mixed into address; slash-separated address content,,
"TP-SB-1103-1 | TP083 | Lot125/ Chelsea ""A"" | Spring Hill | FL | 34610",TP-SB-1103-1,TP083,"Lot125/ Chelsea ""A""",,,Spring Hill,FL,34610,28.3900837,-82.540665,1.2101E+11,1.2101E+14,,High-confidence multi-address review candidate,,,,high_conf_multi_address_rule: slash-separated address content,,
TP-SB-1103-1 | TP083 | Model home/ Castleberry model | Spring Hill | FL | 34610,TP-SB-1103-1,TP083,Model home/ Castleberry model,,,Spring Hill,FL,34610,28.3900837,-82.540665,1.2101E+11,1.2101E+14,,High-confidence multi-address review candidate,,,,high_conf_multi_address_rule: model/layout text mixed into address,,
TP-SB-1103-1 | TP083 | Model home/Brookland model | Spring Hill | FL | 34610,TP-SB-1103-1,TP083,Model home/Brookland model,,,Spring Hill,FL,34610,28.3900837,-82.540665,1.2101E+11,1.2101E+14,,High-confidence multi-address review candidate,,,,high_conf_multi_address_rule: model/layout text mixed into address,,
TP-SB-1103-1 | TP083 | Model home/Chelsea model | Spring Hill | FL | 34610,TP-SB-1103-1,TP083,Model home/Chelsea model,,,Spring Hill,FL,34610,28.3900837,-82.540665,1.2101E+11,1.2101E+14,,High-confidence multi-address review candidate,,,,high_conf_multi_address_rule: model/layout text mixed into address,,
"TP-SB-1204-1 | TP017 | 5079 Jasmine Way Palm Harbor, Fl 34685 | Palm Harbor | FL | 34685",TP-SB-1204-1,TP017,"5079 Jasmine Way Palm Harbor, Fl 34685",,,Palm Harbor,FL,34685,28.12404429,-82.71633246,1.2103E+11,1.2103E+14,,High-confidence multi-address review candidate,,,,high_conf_multi_address_rule: two separated house-number tokens,,